{
    "name": "Global Information",
    "numberOfRequests": {
        "total": 1010,
        "ok": 706,
        "ko": 304
    },
    "minResponseTime": {
        "total": 37,
        "ok": 37,
        "ko": 4597
    },
    "maxResponseTime": {
        "total": 60016,
        "ok": 57212,
        "ko": 60016
    },
    "meanResponseTime": {
        "total": 19945,
        "ok": 15283,
        "ko": 30770
    },
    "standardDeviation": {
        "total": 15617,
        "ok": 7964,
        "ko": 22255
    },
    "percentiles1": {
        "total": 14451,
        "ok": 13695,
        "ko": 18670
    },
    "percentiles2": {
        "total": 21702,
        "ok": 19044,
        "ko": 60000
    },
    "percentiles3": {
        "total": 60001,
        "ok": 30228,
        "ko": 60001
    },
    "percentiles4": {
        "total": 60001,
        "ok": 43608,
        "ko": 60002
    },
    "group1": {
    "name": "t < 800 ms",
    "count": 10,
    "percentage": 1
},
    "group2": {
    "name": "800 ms < t < 1200 ms",
    "count": 0,
    "percentage": 0
},
    "group3": {
    "name": "t > 1200 ms",
    "count": 696,
    "percentage": 69
},
    "group4": {
    "name": "failed",
    "count": 304,
    "percentage": 30
},
    "meanNumberOfRequestsPerSecond": {
        "total": 0.4669440591770689,
        "ok": 0.32639852057327784,
        "ko": 0.14054553860379104
    }
}