{
    "name": "Global Information",
    "numberOfRequests": {
        "total": 1640,
        "ok": 587,
        "ko": 1053
    },
    "minResponseTime": {
        "total": 67,
        "ok": 67,
        "ko": 118
    },
    "maxResponseTime": {
        "total": 60060,
        "ok": 59834,
        "ko": 60060
    },
    "meanResponseTime": {
        "total": 42515,
        "ok": 23512,
        "ko": 53109
    },
    "standardDeviation": {
        "total": 21940,
        "ok": 19295,
        "ko": 15120
    },
    "percentiles1": {
        "total": 58371,
        "ok": 25067,
        "ko": 60000
    },
    "percentiles2": {
        "total": 60001,
        "ok": 39537,
        "ko": 60001
    },
    "percentiles3": {
        "total": 60001,
        "ok": 55368,
        "ko": 60001
    },
    "percentiles4": {
        "total": 60003,
        "ok": 58677,
        "ko": 60028
    },
    "group1": {
    "name": "t < 800 ms",
    "count": 180,
    "percentage": 11
},
    "group2": {
    "name": "800 ms < t < 1200 ms",
    "count": 7,
    "percentage": 0
},
    "group3": {
    "name": "t > 1200 ms",
    "count": 400,
    "percentage": 24
},
    "group4": {
    "name": "failed",
    "count": 1053,
    "percentage": 64
},
    "meanNumberOfRequestsPerSecond": {
        "total": 0.8320649416539827,
        "ok": 0.297818366311517,
        "ko": 0.5342465753424658
    }
}