{
    "name": "Global Information",
    "numberOfRequests": {
        "total": 420,
        "ok": 285,
        "ko": 135
    },
    "minResponseTime": {
        "total": 53,
        "ok": 53,
        "ko": 18430
    },
    "maxResponseTime": {
        "total": 60043,
        "ok": 58955,
        "ko": 60043
    },
    "meanResponseTime": {
        "total": 28373,
        "ok": 25956,
        "ko": 33475
    },
    "standardDeviation": {
        "total": 12224,
        "ok": 11520,
        "ko": 12096
    },
    "percentiles1": {
        "total": 26812,
        "ok": 25936,
        "ko": 29524
    },
    "percentiles2": {
        "total": 32138,
        "ok": 29582,
        "ko": 33930
    },
    "percentiles3": {
        "total": 58595,
        "ok": 47143,
        "ko": 60001
    },
    "percentiles4": {
        "total": 60001,
        "ok": 57008,
        "ko": 60003
    },
    "group1": {
    "name": "t < 800 ms",
    "count": 20,
    "percentage": 5
},
    "group2": {
    "name": "800 ms < t < 1200 ms",
    "count": 0,
    "percentage": 0
},
    "group3": {
    "name": "t > 1200 ms",
    "count": 265,
    "percentage": 63
},
    "group4": {
    "name": "failed",
    "count": 135,
    "percentage": 32
},
    "meanNumberOfRequestsPerSecond": {
        "total": 0.6552262090483619,
        "ok": 0.44461778471138846,
        "ko": 0.21060842433697347
    }
}